{
  "Accuracy": 0.001,
  "UnitCount" :  5000,
  "MaxMove": 0.1,
  "FirstTypeMutationProbability": 0.5,
  "SecondTypeMutationProbability": 0.2,
  "MergeProbability": 0.1,
  "BarrierCircles": [
    {
      "Center": {
        "X": 0.33218833804130554,
        "Y": 0.15921106934547424
      },
      "Radius": 23.818166553974152
    },
    {
      "Center": {
        "X": 0.9211785793304443,
        "Y": 0.21001200377941132
      },
      "Radius": 24.298787117004395
    },
    {
      "Center": {
        "X": 0.6558014154434204,
        "Y": 0.7025460004806519
      },
      "Radius": 21.127113699913025
    },
    {
      "Center": {
        "X": 0.05513463541865349,
        "Y": 0.7919896245002747
      },
      "Radius": 20.693418383598328
    }
  ]
}